Model,Make Id
A4,1673
A6,1673
A8,1673
Q5,1673
Q7,1673
RF4,1673
TT,1673
A7,1673
R8,1673
3 Series,1674
5 Series,1674
6 Series,1674
7 Series,1674
BMW X6,1674
BMW-M3,1674
BMW-M5,1674
BMW-M6,1674
Minis,1674
X3,1674
X5,1674
X1,1674
Z4,1674
Cielo,1675
Matiz,1675
Nexia,1675
Adventure,1676
Grand Punto,1676
Linea,1676
Palio,1676
Palio Stile,1676
Petra,1676
Siena,1676
Siena Station Wagon,1676
Uno,1676
500,1676
Trax,1677
Force One,1677
Endeavour,1678
Escort,1678
Fiesta,1678
Figo,1678
Focus,1678
Fusion,1678
Ikon,1678
Limousine,1678
Mondeo,1678
Aveo,1679
Aveo UV-A,1679
BEAT,1679
Captiva,1679
Chevrolet Cruze,1679
Forester,1679
Hummer,1679
Opel,1679
Opel Astra,1679
Opel Corsa,1679
Optra,1679
Optra Magnum,1679
Sail,1679
Spark,1679
SRV,1679
Tavera,1679
Tavera Neo,1679
Vectra,1679
Ambassador,1680
Avigo,1680
Contessa,1680
Grand,1680
Pushpak,1680
Trekker,1680
Accord,1681
City,1681
Civic,1681
CR-V,1681
JAZZ,1681
Brio,1681
Amaze,1681
Accent,1682
Elantra,1682
Getz,1682
I10,1682
i20,1682
Santro,1682
Santro Xing,1682
Sonata,1682
Sonata V-6,1682
Terracan,1682
Tucson,1682
Verna,1682
Santa Fe,1682
Eon,1682
Veloster,1682
CHEROKEE,1683
J-LR,1684
Gallardo,1685
Gallardo Spyder,1685
Murcielago,1685
Armada,1686
Bolero,1686
BOLERO PIK UP,1686
Classic,1686
Commander,1686
Logan D,1686
Logan P,1686
Mahindra CNG,1686
Mahindra MM,1686
MAHINDRA PIK UP,1686
Marshal,1686
MaXX,1686
Scorpio CRDe,1686
Scorpio NEF,1686
Xylo,1686
Reva,1686
XUV 500,1686
Thar,1686
Verito,1686
Ssanyong Rexton,1686
Ssanyong Korando,1686
800,1687
A STAR,1687
Alto,1687
Baleno,1687
Eeco,1687
Esteem 1000,1687
ESTEEM 1300,1687
Grand Vitara,1687
Gypsy 1000,1687
GYPSY 1300,1687
Omni,1687
RITZ,1687
Swift,1687
Swift Dzire,1687
SX4,1687
Versa,1687
WagonR,1687
Zen,1687
Zen Estilo,1687
Kizashi,1687
Ertiga,1687
C-Class,1688
CL-Class,1688
CLK-Class,1688
CLS-Class,1688
E-Class,1688
GL-Class,1688
ML 350,1688
ML-Class,1688
S 320 CDI L,1688
S 350 L,1688
S-Class,1688
SL-Class,1688
SLK-Class,1688
G Class,1688
Cedia,1689
Lancer,1689
Montero,1689
Pajero,1689
Outlander,1689
Austin,1690
Laurel,1691
Super Sunny,1691
Teana,1691
X-Trail,1691
Micra,1691
911 Carrera,1692
Boxster S,1692
Cayenne,1692
Cayman S,1692
Padmini,1693
Rio,1693
Renault 1.9,1694
Fluence,1694
Pulse,1694
Koleos,1694
Phantom V 12,1695
ROVER,1696
San Storm 1.2,1697
Fabia,1698
Laura,1698
Octavia,1698
Roomster,1698
Superb,1698
Yeti,1698
Rapid,1698
Rhino Rx,1699
Indica,1700
Indigo,1700
Indigo Manza,1700
Indigo Marina,1700
Safari,1700
Sumo,1700
Sumo Grande,1700
207,1700
 ACE,1700
 ARIA,1700
 MAGIC,1700
 Nano,1700
 SIERRA,1700
 VENTURE,1700
 WINGER,1700
TL,1700
VISTA,1700
XENON XT,1700
Jaguar XF,1700
Jaguar XL,1700
Jaguar XJ,1700
Land Rover Freelander,1700
Land Rover Discovery,1700
Land Rover Range Rover,1700
Corolla Altis,1701
Camry,1701
Corolla,1701
Fortuner,1701
Innova,1701
Land Cruiser Prado,1701
Qualis,1701
Etios,1701
Jetta,1702
Passat,1702
Polo,1702
Touareg,1702
Vento,1702
Volvo S80,1703
Volvo XC90,1703
