Model,Model Id
A4,2381
A6,2382
A8,2383
Q5,2384
Q7,2385
RF4,2386
TT,2387
A7,2388
R8,2389
3 Series,2390
5 Series,2391
6 Series,2392
7 Series,2393
BMW X6,2394
BMW-M3,2395
BMW-M5,2396
BMW-M6,2397
Minis,2398
X3,2399
X5,2400
X1,2401
Z4,2402
Cielo,2403
Matiz,2404
Nexia,2405
Adventure,2406
Grand Punto,2407
Linea,2408
Palio,2409
Palio Stile,2410
Petra,2411
Siena,2412
Siena Station Wagon,2413
Uno,2414
500,2415
Trax,2416
Force One,2417
Endeavour,2418
Escort,2419
Fiesta,2420
Figo,2421
Focus,2422
Fusion,2423
Ikon,2424
Limousine,2425
Mondeo,2426
Aveo,2427
Aveo UV-A,2428
BEAT,2429
Captiva,2430
Chevrolet Cruze,2431
Forester,2432
Hummer,2433
Opel,2434
Opel Astra,2435
Opel Corsa,2436
Optra,2437
Optra Magnum,2438
Sail,2439
Spark,2440
SRV,2441
Tavera,2442
Tavera Neo,2443
Vectra,2444
Ambassador,2445
Avigo,2446
Contessa,2447
Grand,2448
Pushpak,2449
Trekker,2450
Accord,2451
City,2452
Civic,2453
CR-V,2454
JAZZ,2455
Brio,2456
Amaze,2457
Accent,2458
Elantra,2459
Getz,2460
I10,2461
i20,2462
Santro,2463
Santro Xing,2464
Sonata,2465
Sonata V-6,2466
Terracan,2467
Tucson,2468
Verna,2469
Santa Fe,2470
Eon,2471
Veloster,2472
CHEROKEE,2473
J-LR,2474
Gallardo,2475
Gallardo Spyder,2476
Murcielago,2477
Armada,2478
Bolero,2479
BOLERO PIK UP,2480
Classic,2481
Commander,2482
Logan D,2483
Logan P,2484
Mahindra CNG,2485
Mahindra MM,2486
MAHINDRA PIK UP,2487
Marshal,2488
MaXX,2489
Scorpio CRDe,2490
Scorpio NEF,2491
Xylo,2492
Reva,2493
XUV 500,2494
Thar,2495
Verito,2496
Ssanyong Rexton,2497
Ssanyong Korando,2498
800,2499
A STAR,2500
Alto,2501
Baleno,2502
Eeco,2503
Esteem 1000,2504
ESTEEM 1300,2505
Grand Vitara,2506
Gypsy 1000,2507
GYPSY 1300,2508
Omni,2509
RITZ,2510
Swift,2511
Swift Dzire,2512
SX4,2513
Versa,2514
WagonR,2515
Zen,2516
Zen Estilo,2517
Kizashi,2518
Ertiga,2519
C-Class,2520
CL-Class,2521
CLK-Class,2522
CLS-Class,2523
E-Class,2524
GL-Class,2525
ML 350,2526
ML-Class,2527
S 320 CDI L,2528
S 350 L,2529
S-Class,2530
SL-Class,2531
SLK-Class,2532
G Class,2533
Cedia,2534
Lancer,2535
Montero,2536
Pajero,2537
Outlander,2538
Austin,2539
Laurel,2540
Super Sunny,2541
Teana,2542
X-Trail,2543
Micra,2544
911 Carrera,2545
Boxster S,2546
Cayenne,2547
Cayman S,2548
Padmini,2549
Rio,2550
Renault 1.9,2551
Fluence,2552
Pulse,2553
Koleos,2554
Phantom V 12,2555
ROVER,2556
San Storm 1.2,2557
Fabia,2558
Laura,2559
Octavia,2560
Roomster,2561
Superb,2562
Yeti,2563
Rapid,2564
Rhino Rx,2565
Indica,2566
Indigo,2567
Indigo Manza,2568
Indigo Marina,2569
Safari,2570
Sumo,2571
Sumo Grande,2572
207,2573
 ACE,2574
 ARIA,2575
 MAGIC,2576
 Nano,2577
 SIERRA,2578
 VENTURE,2579
 WINGER,2580
TL,2581
VISTA,2582
XENON XT,2583
Jaguar XF,2584
Jaguar XL,2585
Jaguar XJ,2586
Land Rover Freelander,2587
Land Rover Discovery,2588
Land Rover Range Rover,2589
Corolla Altis,2590
Camry,2591
Corolla,2592
Fortuner,2593
Innova,2594
Land Cruiser Prado,2595
Qualis,2596
Etios,2597
Jetta,2598
Passat,2599
Polo,2600
Touareg,2601
Vento,2602
Volvo S80,2603
Volvo XC90,2604
